Workbook

Sheet HR-Employee-Attrition
A1: EmployeeNumber | B1: Age | C1: Attrition | D1: Department | E1: Gender | F1: Satification | G1: MaritalStatus | H1: Salary | I1: Experience | J1: Attrition_Flag | K1: Salary_Group | L1: Experience_Group | M1: Satification_Group
A2: 1 | B2: 41 | C2: Yes | D2: Sales | E2: Female | F2: 4 | G2: Single | H2: 5993 | I2: 8 | J2: =IF('HR-Employee-Attrition'!$C2="Yes",1,0) -> 1 | K2: =IF('HR-Employee-Attrition'!$H2<3000,"Low",IF('HR-Employee-Attrition'!$H2<7000,"Medium","High")) -> Medium | L2: =IF('HR-Employee-Attrition'!$I2<5,"Fresher",IF('HR-Employee-Attrition'!$I2<10,"Medium","Experienced")) -> Medium | M2: =IF('HR-Employee-Attrition'!$F2<=2,"Low","High") -> High
A3: 2 | B3: 49 | C3: No | D3: Research & Development | E3: Male | F3: 2 | G3: Married | H3: 5130 | I3: 10 | J3: =IF('HR-Employee-Attrition'!$C3="Yes",1,0) -> 0 | K3: =IF('HR-Employee-Attrition'!$H3<3000,"Low",IF('HR-Employee-Attrition'!$H3<7000,"Medium","High")) -> Medium | L3: =IF('HR-Employee-Attrition'!$I3<5,"Fresher",IF('HR-Employee-Attrition'!$I3<10,"Medium","Experienced")) -> Experienced | M3: =IF('HR-Employee-Attrition'!$F3<=2,"Low","High") -> Low
A4: 4 | B4: 37 | C4: Yes | D4: Research & Development | E4: Male | F4: 3 | G4: Single | H4: 2090 | I4: 7 | J4: =IF('HR-Employee-Attrition'!$C4="Yes",1,0) -> 1 | K4: =IF('HR-Employee-Attrition'!$H4<3000,"Low",IF('HR-Employee-Attrition'!$H4<7000,"Medium","High")) -> Low | L4: =IF('HR-Employee-Attrition'!$I4<5,"Fresher",IF('HR-Employee-Attrition'!$I4<10,"Medium","Experienced")) -> Medium | M4: =IF('HR-Employee-Attrition'!$F4<=2,"Low","High") -> High
A5: 5 | B5: 33 | C5: No | D5: Research & Development | E5: Female | F5: 3 | G5: Married | H5: 2909 | I5: 8 | J5: =IF('HR-Employee-Attrition'!$C5="Yes",1,0) -> 0 | K5: =IF('HR-Employee-Attrition'!$H5<3000,"Low",IF('HR-Employee-Attrition'!$H5<7000,"Medium","High")) -> Low | L5: =IF('HR-Employee-Attrition'!$I5<5,"Fresher",IF('HR-Employee-Attrition'!$I5<10,"Medium","Experienced")) -> Medium | M5: =IF('HR-Employee-Attrition'!$F5<=2,"Low","High") -> High
A6: 7 | B6: 27 | C6: No | D6: Research & Development | E6: Male | F6: 2 | G6: Married | H6: 3468 | I6: 6 | J6: =IF('HR-Employee-Attrition'!$C6="Yes",1,0) -> 0 | K6: =IF('HR-Employee-Attrition'!$H6<3000,"Low",IF('HR-Employee-Attrition'!$H6<7000,"Medium","High")) -> Medium | L6: =IF('HR-Employee-Attrition'!$I6<5,"Fresher",IF('HR-Employee-Attrition'!$I6<10,"Medium","Experienced")) -> Medium | M6: =IF('HR-Employee-Attrition'!$F6<=2,"Low","High") -> Low
A7: 8 | B7: 32 | C7: No | D7: Research & Development | E7: Male | F7: 4 | G7: Single | H7: 3068 | I7: 8 | J7: =IF('HR-Employee-Attrition'!$C7="Yes",1,0) -> 0 | K7: =IF('HR-Employee-Attrition'!$H7<3000,"Low",IF('HR-Employee-Attrition'!$H7<7000,"Medium","High")) -> Medium | L7: =IF('HR-Employee-Attrition'!$I7<5,"Fresher",IF('HR-Employee-Attrition'!$I7<10,"Medium","Experienced")) -> Medium | M7: =IF('HR-Employee-Attrition'!$F7<=2,"Low","High") -> High
A8: 10 | B8: 59 | C8: No | D8: Research & Development | E8: Female | F8: 1 | G8: Married | H8: 2670 | I8: 12 | J8: =IF('HR-Employee-Attrition'!$C8="Yes",1,0) -> 0 | K8: =IF('HR-Employee-Attrition'!$H8<3000,"Low",IF('HR-Employee-Attrition'!$H8<7000,"Medium","High")) -> Low | L8: =IF('HR-Employee-Attrition'!$I8<5,"Fresher",IF('HR-Employee-Attrition'!$I8<10,"Medium","Experienced")) -> Experienced | M8: =IF('HR-Employee-Attrition'!$F8<=2,"Low","High") -> Low
A9: 11 | B9: 30 | C9: No | D9: Research & Development | E9: Male | F9: 3 | G9: Divorced | H9: 2693 | I9: 1 | J9: =IF('HR-Employee-Attrition'!$C9="Yes",1,0) -> 0 | K9: =IF('HR-Employee-Attrition'!$H9<3000,"Low",IF('HR-Employee-Attrition'!$H9<7000,"Medium","High")) -> Low | L9: =IF('HR-Employee-Attrition'!$I9<5,"Fresher",IF('HR-Employee-Attrition'!$I9<10,"Medium","Experienced")) -> Fresher | M9: =IF('HR-Employee-Attrition'!$F9<=2,"Low","High") -> High
A10: 12 | B10: 38 | C10: No | D10: Research & Development | E10: Male | F10: 3 | G10: Single | H10: 9526 | I10: 10 | J10: =IF('HR-Employee-Attrition'!$C10="Yes",1,0) -> 0 | K10: =IF('HR-Employee-Attrition'!$H10<3000,"Low",IF('HR-Employee-Attrition'!$H10<7000,"Medium","High")) -> High | L10: =IF('HR-Employee-Attrition'!$I10<5,"Fresher",IF('HR-Employee-Attrition'!$I10<10,"Medium","Experienced")) -> Experienced | M10: =IF('HR-Employee-Attrition'!$F10<=2,"Low","High") -> High
A11: 13 | B11: 36 | C11: No | D11: Research & Development | E11: Male | F11: 3 | G11: Married | H11: 5237 | I11: 17 | J11: =IF('HR-Employee-Attrition'!$C11="Yes",1,0) -> 0 | K11: =IF('HR-Employee-Attrition'!$H11<3000,"Low",IF('HR-Employee-Attrition'!$H11<7000,"Medium","High")) -> Medium | L11: =IF('HR-Employee-Attrition'!$I11<5,"Fresher",IF('HR-Employee-Attrition'!$I11<10,"Medium","Experienced")) -> Experienced | M11: =IF('HR-Employee-Attrition'!$F11<=2,"Low","High") -> High
A12: 14 | B12: 35 | C12: No | D12: Research & Development | E12: Male | F12: 2 | G12: Married | H12: 2426 | I12: 6 | J12: =IF('HR-Employee-Attrition'!$C12="Yes",1,0) -> 0 | K12: =IF('HR-Employee-Attrition'!$H12<3000,"Low",IF('HR-Employee-Attrition'!$H12<7000,"Medium","High")) -> Low | L12: =IF('HR-Employee-Attrition'!$I12<5,"Fresher",IF('HR-Employee-Attrition'!$I12<10,"Medium","Experienced")) -> Medium | M12: =IF('HR-Employee-Attrition'!$F12<=2,"Low","High") -> Low
A13: 15 | B13: 29 | C13: No | D13: Research & Development | E13: Female | F13: 3 | G13: Single | H13: 4193 | I13: 10 | J13: =IF('HR-Employee-Attrition'!$C13="Yes",1,0) -> 0 | K13: =IF('HR-Employee-Attrition'!$H13<3000,"Low",IF('HR-Employee-Attrition'!$H13<7000,"Medium","High")) -> Medium | L13: =IF('HR-Employee-Attrition'!$I13<5,"Fresher",IF('HR-Employee-Attrition'!$I13<10,"Medium","Experienced")) -> Experienced | M13: =IF('HR-Employee-Attrition'!$F13<=2,"Low","High") -> High
... A1471: 2068 | B1471: 34 | C1471: No | D1471: Research & Development | E1471: Male | F1471: 3 | G1471: Married | H1471: 4404 | I1471: 6 | J1471: =IF('HR-Employee-Attrition'!$C1471="Yes",1,0) -> 0 | K1471: =IF('HR-Employee-Attrition'!$H1471<3000,"Low",IF('HR-Employee-Attrition'!$H1471<7000,"Medium","High")) -> Medium | L1471: =IF('HR-Employee-Attrition'!$I1471<5,"Fresher",IF('HR-Employee-Attrition'!$I1471<10,"Medium","Experienced")) -> Medium | M1471: =IF('HR-Employee-Attrition'!$F1471<=2,"Low","High") -> High

Sheet Attrition_Analysis
B2: Attrition_Rate | D2: Row Labels | E2: Average of Attrition_Flag
B3: =AVERAGE('HR-Employee-Attrition'!J:J) -> 0.16122449 | D3: Human Resources | E3: 0.19047619 | H3: Row Labels | I3: Average of Attrition_Flag
D4: Research & Development | E4: 0.1383975 | H4: High | I4: 0.10804598
D5: Sales | E5: 0.20627803 | H5: Low | I5: 0.28607595
D6: Grand Total | E6: 0.16122449 | H6: Medium | I6: 0.1203125
H7: Grand Total | I7: 0.16122449
D11: Row Labels | E11: Average of Attrition_Flag | H11: Row Labels | I11: Average of Attrition_Flag
D12: Experienced | E12: 0.10680908 | H12: High | I12: 0.13873474
D13: Fresher | E13: 0.32894737 | H13: Low | I13: 0.19683656
D14: Medium | E14: 0.1663286 | H14: Grand Total | I14: 0.16122449
D15: Grand Total | E15: 0.16122449
